VehicleID,Amount (Million Naira)
VHL18518,1.596337015379234
VHL17149,4.4959119831438485
VHL10927,-8.845973143618242
VHL12909,1.6822123499655284
VHL12348,6.876454291583261
VHL10798,15.774918900383355
VHL11022,-14.6091193424427
VHL12206,3.007714636836006
VHL11697,18.722710554010398
VHL12313,6.320832750208599
VHL13411,20.111973096150564
VHL14334,-11.342965789995706
VHL14302,9.503065513106534
VHL13979,-4.994231890595017
VHL12272,-14.506623866930202
VHL15071,14.532740363434904
VHL19166,-4.775103407256616
VHL10471,-4.5174821981064
VHL18431,0.8045621611317344
VHL12325,4.676273415984955
VHL15657,-0.20965199131813606
VHL13667,16.087426239389956
VHL18913,2.4823903204020397
VHL13273,-3.763323083227945
VHL16576,-21.906107565311927
VHL15506,-5.373065087165326
VHL10460,38.02848171765013
VHL16050,3.8711158369703327
VHL17918,11.200933311093216
VHL12992,6.577237598606267
VHL10261,1.7978868203600804
VHL18348,9.83067177019386
VHL11577,8.391542207149229
VHL16957,-9.092076735825557
VHL16165,19.39061671655199
VHL11441,-6.7094732346302415
VHL19990,-11.8354202340686
VHL14072,-7.24313501778054
VHL13637,-19.90525032401645
VHL10757,0.4086472000553769
VHL12657,6.103069763515222
VHL19939,12.6459826034609
VHL12094,8.801699258063223
VHL17177,-8.047577879646983
VHL16720,10.105714787920938
VHL11478,24.192452680572174
VHL14386,13.275218699904052
VHL11341,17.927030844157777
VHL18683,15.69611357345822
VHL13430,13.442204543565715
VHL18932,-12.11540759902045
VHL17505,2.4164859644128036
VHL16272,-4.548051712305146
VHL14777,1.1223319119272652
VHL13186,7.131079315561088
VHL19383,-20.21495471517517
VHL14605,8.877466940679916
VHL11440,14.029234639196765
VHL14303,10.587375370062894
VHL19478,1.7179123543614487
VHL17837,-7.426715069886312
VHL12824,-0.32616998828606114
VHL17476,-1.473537779655011
VHL18988,-14.410754488808355
VHL19482,1.688453896838535
VHL13263,0.06857464815087155
VHL17078,11.598078162601851
VHL19170,1.3826742025611019
VHL18070,-17.27189433394596
VHL18061,18.690193180551972
VHL10726,-9.247297594321847
VHL19212,-10.39592225949821
VHL13283,-12.617529134239206
VHL14023,10.22508374900432
VHL16973,27.286073596287906
VHL19653,11.258931607235745
VHL18605,13.769608132960833
VHL13287,8.158454673159735
VHL15719,-19.56678546622571
VHL19636,9.269506516308894
VHL11009,4.635275569335619
VHL18087,4.696197067076291
VHL14422,6.040755870165373
VHL15789,18.384265222870276
VHL12369,1.760232180465593
VHL15812,-4.307127249741992
VHL18767,39.940739033127024
VHL19271,21.09499540255745
VHL17403,-3.151594093574893
VHL12967,-1.2026538524770842
VHL19998,5.773507647151426
VHL12336,2.299185932271506
VHL10328,-13.8940274674666
VHL18908,-13.898820007100204
VHL11127,10.551147212600107
VHL12655,17.79226379937687
VHL19086,38.796649084263066
VHL10384,21.944455341773967
VHL15712,14.327693677041637
VHL11054,18.9119111647869
VHL16505,8.332427994428947
VHL10534,-13.142305221902252
VHL14120,-3.3429673203382464
VHL10206,6.566621440084482
VHL13595,10.602614308293958
VHL15887,-0.8395794921179345
VHL12672,-1.221951976601055
VHL19770,-2.3453658460183853
VHL13026,15.658237561664322
VHL12635,5.341238084340695
VHL14014,0.2946812169410933
VHL19238,-4.307127249741992
VHL18156,2.7789392983577095
VHL13087,10.214007844012855
VHL13743,-17.00493079931211
VHL19323,34.888287999785675
VHL16129,7.493462233351622
VHL17626,-4.969318716821171
VHL14525,-16.96409786222006
VHL15597,31.943036228543157
VHL19429,5.6690753333997606
VHL14074,13.480259395837713
VHL17422,38.27710566559135
VHL11861,15.823831519082518
VHL19828,17.236160975324722
VHL14000,-5.734649126663399
VHL12312,-0.5030745574412947
VHL16257,-16.380444079625615
VHL14859,-2.7673536830630994
VHL16048,-11.945929383649862
VHL14039,-10.456584317614539
VHL10296,-13.240336483965654
VHL14949,-16.5652311003282
VHL17034,19.94139754622607
VHL17149,17.507010306314413
VHL19677,1.6375993879956887
VHL14433,-2.6467011299109195
VHL16582,7.7643461605295485
VHL10059,15.418184246576992
VHL17140,15.658237561664322
VHL10364,-0.11202010735599544
VHL16932,-2.777052613272687
VHL18587,14.30235241138535
VHL13635,-20.613600386616724
VHL18371,15.094769940059848
VHL19622,9.165244208742287
VHL18669,17.581066619605423
VHL17359,-15.623163604819176
VHL19788,9.924345690691055
VHL19078,12.275838273652568
VHL12673,-0.5068015965492023
VHL17895,-16.29682372647114
VHL18950,19.617668411503452
VHL13562,18.58550754255647
VHL11306,21.25280427204379
VHL15496,-2.4619006941645054
VHL11927,14.21777106949132
VHL10392,20.26066649689897
VHL14124,-8.783636007296101
VHL12586,0.558052953352707
VHL12895,-5.971605176641166
VHL18481,-2.9150800664003818
VHL11310,-9.654024171148418
VHL15810,-1.6948675889877194
VHL16037,2.8557369379475404
VHL19627,22.182808169597806
VHL11152,5.98658505730554
VHL17698,20.291236883585945
VHL19815,32.15346704022926
VHL18192,-6.815369515558544
VHL19720,-1.8402569981322543
VHL11686,8.761911500257725
VHL18649,3.5291205702830766
VHL12765,5.974160270121395
VHL10026,19.403029550671818
VHL11001,10.643844056067394
VHL13433,17.196714599931774
VHL17827,-10.217868726244111
VHL12344,-3.724566573788188
VHL17308,26.48755307085211
VHL18722,-11.735237473321778
VHL17199,5.705633866291969
VHL15338,-9.877542853869496
VHL16946,7.362900385073566
VHL11039,-16.112542877853002
VHL18017,16.375983364707487
VHL15945,13.44373210593458
VHL14724,-2.08823763588412
VHL15314,20.992863683693955
VHL14276,1.9703037765657463
VHL17883,-5.398039048211963
VHL14385,22.564423167309833
VHL18665,-14.166693266833526
VHL15936,25.57609868315599
VHL19518,-9.186117685994574
VHL13530,-5.850825468578922
VHL17861,-23.803305340898547
VHL10966,18.567165310544283
VHL11652,5.351882810379145
VHL16641,23.291873744757673
VHL12017,7.00985896500168
VHL14856,0.9565698498286466
VHL16801,-4.14938419003024
VHL16814,20.26066649689897
VHL13748,-5.426860824065454
VHL13104,19.91031329023057
VHL10022,20.82793876014835
VHL14787,1.385643478484333
VHL19015,4.7228009766090935
VHL11089,7.317254203392761
VHL13873,-0.979148346598226
VHL15486,16.898544429883295
VHL13253,-16.959848309215214
VHL15232,-11.518932250261159
VHL18914,13.549113410638249
VHL14922,-2.7165238688870517
VHL14541,-4.06918440944176
VHL15820,13.594719515036914
VHL10710,-0.1365107020419849
VHL11752,-9.769842404394101
VHL13868,0.7293737158471529
VHL17442,21.01366818526867
VHL14571,13.074755571557787
VHL17155,-0.8117250188983931
VHL11093,5.050575963854211
VHL18280,-1.3921902499363306
VHL18425,1.7022322276033925
VHL10175,-14.404640411470961
VHL15307,7.834655073785775
VHL18062,2.4863087033889357
VHL18972,-8.191987916981589
VHL11185,10.679527377646146
VHL10343,6.819717363289982
VHL10450,-1.5468631905135304
VHL19621,-0.054058144319032664
VHL14502,-0.20923146651072244
VHL12768,-0.3223083734575809
VHL19922,8.789471103388436
VHL10824,2.0251351096089394
VHL16646,11.78348889041925
VHL15462,1.284924792570468
VHL15801,6.463286457112996
VHL10322,6.97883171389044
VHL15613,-13.420273960150368
VHL17756,-2.2556466798256167
VHL16186,14.999879969661926
VHL19061,-6.7094732346302415
VHL13446,16.957750214273354
VHL10599,10.162280837540926
VHL18255,11.92132684892323
VHL17948,16.91607137417583
VHL17616,-31.901628832018403
VHL17664,25.257210769499665
VHL18299,-1.324956269517564
VHL18959,11.758927520230095
VHL10473,9.924345690691055
VHL17271,17.54369477033879
VHL19798,2.3829737204174535
VHL17935,24.17160036124376
VHL10245,18.20205926350097
VHL15041,-2.136302409635313
VHL15001,6.8259589101629885
VHL16287,-21.1384403038999
VHL13974,24.493906994437083
VHL15764,12.484698208067172
VHL18888,-10.284609707646926
VHL14882,16.85534907784014
VHL19424,-3.8273939593598385
VHL13785,39.41939516298002
VHL10783,10.238978022670963
VHL19808,-3.40179352969124
VHL18890,10.105714787920938
VHL13440,-4.965961226307982
VHL13285,10.506990557191862
VHL18805,20.067435646962863
VHL18550,-10.6737124336818
VHL10061,1.5870953325842763
VHL18522,22.597564286095043
VHL16813,-0.24754350183902574
VHL11036,12.710528127239058
VHL12107,24.67611295380639
VHL17826,19.40724958879568
VHL14449,-16.870084135925747
VHL14938,-8.25807852022205
VHL14098,16.382097442044888
VHL19241,-6.277450443967343
VHL17856,-1.695831658286572
VHL18900,-0.45574311458415195
VHL11133,10.734950884364089
VHL11687,14.28266839685417
VHL12719,-14.63170551769253
VHL15531,-10.02170438213894
VHL17329,38.02848171765013
VHL16806,-24.956916684923975
VHL11582,-16.392338418962883
VHL16362,-6.082658535878963
VHL11119,0.8724035538740225
VHL13806,20.26066649689897
VHL11733,-23.231297426788174
VHL18959,37.43966576892767
VHL17287,-8.550305756187157
VHL11709,-0.34116041745195247
VHL19793,-4.650866001232245
VHL19880,-7.74925278176031
VHL19964,17.372598840995444
VHL12784,11.370903617077524
VHL17371,8.48567299207069
VHL12439,-20.876731341340104
VHL16652,4.810530031365424
VHL17836,15.506834519357184
VHL16597,16.1291177049783
VHL18707,9.503065513106534
VHL16683,8.503558359658605
VHL15365,-10.253788084173003
VHL13507,-1.8085389784267463
VHL14459,18.429631652496823
VHL19300,-7.770951433283567
VHL18418,-1.9045489227287646
VHL15350,-1.5075134746088779
VHL15927,-2.79701374259767
VHL12985,17.140243031881866
VHL10426,35.695234003085304
VHL10506,3.1934801965480233
VHL11042,19.341599037013246
VHL18043,-4.644751923894848
VHL16258,10.86576526082169
VHL19326,1.621655910551457
VHL15424,12.675434789075105
VHL19014,6.166896983972588
VHL11310,3.1080388362512252
VHL12927,-4.420564521926735
VHL10082,3.1528906005049535
VHL10068,10.538932234767543
VHL13660,-4.479790865757547
VHL18810,5.087260427878583
VHL17666,24.86086822215419
VHL18022,-0.9259366290324245
VHL11237,14.09548952274342
VHL17240,15.658237561664322
VHL13512,5.77860803142848
VHL10596,27.512812307982465
VHL10073,19.02163536699652
VHL13719,-12.686198279890053
VHL10077,-25.97857962925725
VHL13151,-7.286243932993656
VHL12499,3.907834660457084
VHL18832,18.343914001397486
VHL16790,7.49767745629681
VHL13880,23.848158594126055
VHL19448,1.2275405731854114
VHL15860,-3.043819553609147
VHL14538,1.116676907085207
VHL16505,1.899283697874374
VHL11544,18.777123211501447
VHL19830,8.809606885716107
VHL10194,1.9465528407055963
VHL15744,-7.276647261775892
VHL10957,5.84830969266309
VHL12568,-11.124102827202586
VHL19448,10.853537978635131
VHL14417,-21.663644535694747
VHL10368,14.855077102548343
VHL10806,-8.400131906696387
VHL17414,6.876454291583261
VHL14892,-11.225826371883745
VHL17933,9.592320990139179
VHL15852,15.878253883354844
VHL10505,18.561544232222843
VHL18345,20.63679116260038
VHL13294,3.726142570396309
VHL18253,10.829229136625507
VHL17152,5.735809490066714
VHL12883,32.36501088874566
VHL16101,9.598982985395665
VHL15563,10.347582523616339
VHL10313,-10.609367844452233
VHL18291,-26.314340013505443
VHL13553,8.096215696517369
VHL11440,-6.401932538456382
VHL15887,13.23686811688782
VHL17489,14.527879653929972
VHL16271,3.528089049277483
VHL15007,21.559686150492055
VHL15329,10.535605957090588
VHL13826,-6.150383976910227
VHL11568,1.5539441954158484
VHL13578,-0.9053854517015445
VHL16302,-15.217207493092033
VHL12677,1.2223872413504395
VHL18866,-8.070441213880867
VHL11976,0.8506835483214772
VHL17817,24.304370596977833
VHL16893,-0.34000347467990366
VHL11075,-20.842164487690507
VHL14865,14.432703894747121
VHL13535,-0.20888909329373107
VHL16299,20.471457750246884
VHL19327,-16.191421551474903
VHL10055,-1.5448755303852941
VHL14258,0.46623207757544094
VHL11527,-9.079433980736098
VHL17682,-15.516012533766627
VHL10073,-18.33315613901143
VHL14599,19.233599740320336
VHL15495,-5.608061022026384
VHL13387,-8.498798821412798
VHL19505,-1.473537779655011
VHL16307,-9.151334637271002
VHL11034,32.68652117662814
VHL13625,-0.38765545905973653
VHL19623,0.558052953352707
VHL10838,-10.12870643341067
VHL11711,3.5297503148786973
VHL14148,3.1666709026150315
VHL15745,-17.797376895503266
VHL15705,-9.747191370507728
VHL14767,16.761585870168183
VHL10108,-4.755782874436612
VHL17818,-8.829686779817589
VHL18324,2.5040389064128057
VHL19741,13.790518253237813
VHL11815,6.885164694553044
VHL18939,9.70985339833203
VHL18042,-16.465458876158426
VHL13176,-16.070356365479547
VHL16859,2.1271818815488714
VHL14405,-8.33922366369763
VHL14751,3.3571482844982015
VHL18416,-5.620437516529368
VHL13952,5.735809490066714
VHL14726,-4.832100246327975
VHL11889,6.320832750208599
VHL12851,17.303979289703364
VHL12862,3.3864287270100135
VHL14262,-4.256436505328356
VHL13520,1.5194760593087082
VHL14967,-3.3720806387104183
VHL14728,-3.6252737830406225
VHL15340,8.92086579469153
VHL14760,0.0437670930792855
VHL18498,-9.846009426900086
VHL18440,-1.6564378673290179
VHL18477,7.914644174832418
VHL16456,3.499093286336528
VHL19596,-11.555142303365113
VHL19616,13.121029837340814
VHL12885,17.435090269393413
VHL13080,-20.777709740993593
VHL10988,9.067860994147225
VHL16251,-9.83548195800266
VHL16941,6.2983114298429115
VHL19708,8.005751003129113
VHL13116,19.478557596728365
VHL17823,0.15757703914129095
VHL14587,9.1138827317507
VHL16807,-3.414133889602539
VHL15706,1.0794588867997774
VHL19568,9.372714029744763
VHL12877,20.917940560440776
VHL16412,-20.879566599405447
VHL18036,31.867691677841478
VHL16860,12.927595690461402
VHL14755,-10.21371918217432
VHL19234,17.372598840995444
VHL13272,-13.015907201452315
VHL16892,-11.926610700085131
VHL17413,14.548663843074792
VHL18817,-13.600396590707586
VHL11681,5.538723850037993
VHL10192,20.246366296808787
VHL16374,6.216963900124227
VHL17630,6.091334607856382
VHL15610,-17.51939269444216
VHL11364,-4.082535022505301
VHL13136,14.288782474191564
VHL10038,3.525455351238108
VHL12580,2.2480071545704945
VHL14253,-2.744498906708685
VHL17421,20.49677171560453
VHL15458,-13.265600461710491
VHL12574,4.20977586676667
VHL14109,8.810212089968573
VHL15943,1.1644439405349907
VHL17404,-4.705308363308916
VHL14940,12.872794623640246
VHL16625,14.494241478802458
VHL12066,-5.4284522607777
VHL12899,-2.0605530783883026
VHL11652,4.1677847173865885
VHL17554,38.42237580803768
VHL11567,4.392577000172363
VHL10163,-0.6002859165960288
VHL10355,10.426156896781706
VHL12041,-7.237020940443147
VHL13416,9.525714303007831
VHL15974,-20.332487123368026
VHL12082,-4.201701559133607
VHL12319,-11.267246239758258
VHL12556,-1.6716009781523908
VHL18675,0.03350565034045161
VHL13381,-11.254422311198706
VHL14325,38.034595794987524
VHL15875,3.580223793216252
VHL10638,-2.8671468554251547
VHL10544,3.880160289705522
VHL11654,-7.67134034279384
VHL14423,-16.143861635568918
VHL14569,7.781597648295801
VHL15007,-17.414247901016108
VHL18221,12.464123912684919
VHL10785,-12.706211522496698
VHL16546,2.7677930154238375
VHL19173,6.158096459551778
VHL11731,9.196166155776822
VHL18180,-3.773479192487347
VHL19452,-1.7882548562708749
VHL16163,7.466979600074222
VHL14877,-1.6038892630167787
VHL10102,36.74452547679718
VHL16046,15.658237561664322
VHL13684,17.439248487454336
VHL18749,38.0651661816745
VHL15304,10.715946519639111
VHL10117,24.09676371954386
VHL19957,-18.441379602940223
VHL19132,-23.85236645972781
VHL15383,8.099424923626309
VHL10136,14.777057829910952
VHL17919,-6.726866710118323
VHL11444,-12.637194326246966
VHL18795,12.457747629789424
VHL12062,5.049385531810046
VHL15890,5.592666077511041
VHL17372,23.829816362113867
VHL12038,9.592320990139179
VHL19368,-15.135859963373356
VHL10476,-2.777052613272687
VHL14079,-9.471679184002397
VHL10401,0.4750982426596835
VHL12810,26.572554937553555
VHL19466,-17.652193036096353
VHL15757,1.102810168145087
VHL15894,-10.941751249748588
VHL18056,7.079562674005452
VHL16634,-2.9487036431440146
VHL16608,-1.3921902499363306
VHL19831,-2.0862763653543297
VHL13863,10.830179000065726
VHL11159,-4.048612672670121
VHL15412,3.035174231031654
VHL10730,-7.237020940443147
VHL17248,-10.129801914935578
VHL16421,12.354412646817941
VHL11328,1.6008648202468478
VHL18439,13.23686811688782
VHL12340,7.444458279708531
VHL10461,-2.644252271618498
VHL15024,-1.7894778073313908
VHL11850,18.369939770250618
VHL16423,17.88652398696719
VHL16427,12.441748322741851
VHL13444,-13.66349322335801
VHL16609,-13.320504579814042
VHL11522,14.63251258760468
VHL11433,20.320806127827304
VHL15853,-15.888926039225861
VHL14168,-9.238865529923764
VHL19004,8.007704217086015
VHL10827,24.49439999345303
VHL19998,-2.3191862077675225
VHL14997,-6.61755482612633
VHL15827,6.575302609622369
VHL18844,-9.415315244211932
VHL10076,5.142652653395473
VHL16342,-8.300487152062225
VHL19420,1.034950113181285
VHL12762,-7.553188446590198
VHL16916,-12.937754849512118
VHL10660,-1.7520398756503077
VHL18142,13.88098294662607
VHL13721,-7.027925950219171
VHL18101,1.0447595154837686
VHL11732,-13.62964499793976
VHL14351,-5.226714296755986
VHL16617,-2.808340647650237
VHL13840,0.2948086864766992
VHL10596,-4.619465653565641
VHL19148,-15.401878289443736
VHL16845,9.93561795325406
VHL17262,6.873443508026988
VHL17801,4.5459219326231874
VHL18039,14.986202923859402
VHL15369,6.730863869990433
VHL14483,-6.664134500032127
VHL19700,11.099451727154943
VHL15877,14.424914582675726
VHL15552,9.581957359796931
VHL18756,11.902463922866666
VHL10301,13.516087340922986
VHL17678,-1.7201600563495276
VHL17604,-15.593585802698353
VHL17969,37.98568317628836
VHL17089,9.430935354506374
VHL13239,32.804156359689806
VHL12466,3.907834660457084
VHL16020,14.279644440229411
VHL15014,3.925086148223336
VHL13302,1.2261850265587881
VHL17986,0.4454316730148058
VHL14724,6.005223655824324
VHL15147,-4.658557231523552
VHL15325,-9.238865529923764
VHL16131,3.5068932078302737
VHL14868,-4.503279596059599
VHL15382,17.11189587427191
VHL12164,2.3829737204174535
VHL11723,-4.969318716821171
VHL14888,-2.9762208397743315
VHL17997,-2.7979493222795533
VHL11576,2.3340972363099795
VHL16048,-2.6263764505099374
VHL17795,1.488412673605783
VHL15642,-3.949675506107738
VHL13953,0.7932189627636461
VHL10189,15.30680943291177
VHL13338,-2.468014771501899
VHL19247,37.598540444756004
VHL16429,17.474068427146157
VHL10272,-9.405720267925812
VHL12716,1.0087323307815481
VHL12652,16.360959644783357
VHL13545,17.73512780760788
VHL11323,2.645262959610772
VHL15121,16.249835349740472
VHL17568,17.275273427348935
VHL11886,1.6564749777550531
VHL17402,13.287446854578839
VHL10243,-0.272921107112154
VHL13407,-5.891666024995356
VHL12149,-13.269286551048044
VHL11037,8.149434873105648
VHL17924,6.89557460801926
VHL12180,15.295891817766893
VHL14683,2.4164859644128036
VHL18920,-0.268564720436391
VHL12024,-4.995696600110811
VHL13968,37.52465851988696
VHL11079,-17.128338244356858
VHL14355,-17.176418020030972
VHL11824,-14.856933794609997
VHL19942,-4.181453571569424
VHL12917,20.5137632925927
VHL15326,31.3515730455903
VHL13585,-7.526676269029084
VHL12069,-1.7929469452184037
VHL17056,10.319797957185457
VHL10515,4.4145644534251645
VHL16435,-8.392791922127087
VHL17564,-18.30395045290519
VHL18798,-5.097066177326461
VHL10222,0.6789829725883614
VHL17645,0.9309999163833673
VHL10810,-9.473650502318137
VHL14216,-2.607054810773821
VHL13799,-3.1849572016777614
VHL19965,-0.22602352243283974
VHL18568,8.025704435230018
VHL17957,-2.61082509065837
VHL11023,3.007714636836006
VHL17797,-3.047177044122332
VHL16174,9.48006627207176
VHL15112,-8.165854285441126
VHL10167,0.5751779521241147
VHL18749,-3.2984585467197576
VHL16276,2.8773631534742385
VHL15593,19.01399277992592
VHL18474,-6.222925619451754
VHL13000,-0.6812273595892577
VHL10796,10.661789477398187
VHL16443,31.154804369720893
VHL13954,6.145868304876984
VHL12761,10.80658034672421
VHL17916,4.760735926420509
VHL13145,12.105600000317295
VHL19331,16.029366351101103
VHL15623,12.530870058330187
VHL13922,16.385812764814325
VHL11222,3.15274226067676
VHL15425,10.347582523616339
VHL19072,-8.910204348556643
VHL18649,6.976778490998477
VHL14730,-23.49614520030252
VHL12512,17.737494446698527
VHL18486,-18.202468868966918
VHL13182,6.9500688466517495
VHL19735,5.779621724488823
VHL13370,22.356914958921358
VHL15038,17.927030844157777
VHL13034,3.819019516331572
VHL16581,14.25259100918315
VHL12113,12.142263594049084
VHL16914,12.488071516968418
VHL18231,13.161282156794655
VHL14192,0.11979011830624842
VHL10404,-1.9823138943552685
VHL10084,9.56165059451714
VHL13855,21.590587227234003
VHL14027,-7.329681963944285
VHL16209,1.1819398800400585
VHL11144,30.370485413541758
VHL18646,1.0739508781439469
VHL16431,2.3829737204174535
VHL16873,-5.033773463518084
VHL19594,8.654840522738098
VHL18630,2.7362825102898896
VHL17288,2.8933724406930565
VHL13113,6.813815425998179
VHL18865,13.306444356355982
VHL18260,1.6303644642659663
VHL13198,-5.628970346239072
VHL11475,-5.809268700801095
VHL18584,15.07312296657851
VHL14768,23.194050555128513
VHL16073,0.018297090669364025
VHL15742,1.0958335431970205
VHL18879,-13.568343648748446
VHL12038,2.8928448748915976
VHL19728,14.663091846796675
VHL17986,-17.78854639155901
VHL18819,-13.800697410092873
VHL12225,-18.723874802413988
VHL19157,2.7187911095499118
VHL19615,0.7693360186027931
VHL17175,-3.657585368559822
VHL13050,12.420218048538871
VHL13123,-16.542709779962514
VHL16065,-14.768935742736165
VHL12484,-11.215668369178818
VHL11338,13.378553682875534
VHL17289,-4.503324846393433
VHL15447,-4.778752882039495
VHL18803,3.398769086921309
VHL18294,0.45471797038121764
VHL15133,-4.048612672670121
VHL10657,-7.335444795559674
VHL10619,3.7200007980304797
VHL17912,19.144344263287692
VHL18164,3.677202256668714
VHL14504,-4.698181699827295
VHL18885,7.555435849750616
VHL10118,4.160805525018652
VHL17852,-0.20768129042065553
VHL18834,11.765135776344863
VHL11508,-5.00411340398351
VHL17633,-11.877086250911542
VHL15893,2.1751312255377115
VHL14089,18.883275767083816
VHL18800,29.5591412829812
VHL12314,-16.310374841141506
VHL18047,13.566013652682479
VHL11118,0.4057140167381341
VHL17922,4.894760127537445
VHL17121,-11.885411322812551
VHL13960,3.0890621665546867
VHL15350,7.238017697514607
VHL17939,-0.722110598919663
VHL11888,-0.13036892967615188
VHL17044,-3.529696154760586
VHL10290,25.251448252509824
VHL19497,12.08222102394354
VHL17807,10.958570605036641
VHL11467,37.82089366273958
VHL14703,19.412272921887137
VHL17518,0.558052953352707
VHL19578,-11.907656637598517
VHL10425,14.270440242179383
VHL11304,-14.005771396784784
VHL10086,4.114622545682579
VHL19512,-19.11702734650845
VHL13350,1.2104401147571693
VHL12694,36.999452200635226
VHL12838,30.14327942651446
VHL16255,-15.919088175306559
VHL15196,18.239526466825914
VHL16844,9.070309852439642
VHL10977,6.045327154011236
VHL18145,7.528211708392099
VHL12297,-12.212865457683158
VHL15274,8.962479689443562
VHL15478,11.156075339521877
VHL16940,-11.61849226025937
VHL14407,-13.11042733803269
VHL19544,6.210501144484695
VHL10519,22.868895370915965
VHL16928,-21.299467792650898
VHL11692,-6.015987146639269
VHL15180,4.392577000172363
VHL19040,-0.23043747185554508
VHL11628,-0.24396007125861985
VHL19845,-6.272194933338206
VHL16574,34.73241210972604
VHL14807,3.428268730940431
VHL11188,11.233026406758427
VHL18077,20.64061869060633
VHL14836,1.5475627482778904
VHL13406,-0.3380308024371992
VHL18365,-19.617112379864373
VHL18328,-7.448921042395824
VHL14695,-6.030810650179397
VHL12724,10.558103525118277
VHL10202,-7.361230651439081
VHL12815,-17.125019732268804
VHL12630,5.70736583327038
VHL14283,14.488127401465064
VHL18698,-4.261042195657815
VHL10141,-6.928516969558967
VHL16204,4.311229470453682
VHL11310,12.473660530159798
VHL18878,2.011858656876324
VHL19310,4.138115580321838
VHL18219,1.812563833327296
VHL13108,1.9179174430025157
VHL14070,20.367004566202638
VHL16891,-10.457352773156778
VHL10398,-0.9114995290389416
VHL12755,-0.6170779725181461
VHL12995,-3.2984585467197576
VHL12158,-4.537738859661722
VHL17814,24.536705535798845
VHL15098,-22.782148806851325
VHL13066,15.682034620346528
VHL13362,-2.8260565669157742
VHL13443,-23.428397350575228
VHL18173,-13.700177687382379
VHL16277,17.89263806430459
VHL17380,-1.5035650636015667
VHL18129,-1.5642352466555955
VHL11891,-16.915541028007997
VHL11042,6.173229779080575
VHL16137,5.456401567472135
VHL13400,-13.246297484195885
VHL19399,14.288782474191564
VHL16723,-3.458495300159889
VHL12416,11.777808874080286
VHL10350,-9.827258944281628
VHL13811,-8.46150718179075
VHL13916,0.45471797038121764
VHL11857,-13.422314009973842
VHL12040,-5.707849019860976
VHL10872,14.9602218959744
VHL14351,19.471950520375017
VHL18230,-6.940373008219169
VHL14851,23.06012029606309
VHL19426,1.1920112408897836
VHL12795,6.01764619672543
VHL16882,20.13338280197774
VHL15924,2.1271818815488714
VHL10807,-13.013572635853283
VHL10611,-1.520658857595862
VHL15296,-5.645989307403855
VHL11333,0.486666472692761
VHL18616,-1.5602627702325798
VHL15633,-8.210314170303803
VHL15157,-15.425551859492746
VHL16982,-19.807020893338205
VHL13879,24.536705535798845
VHL17585,3.7850324196647946
VHL13116,-2.8441620062012554
VHL16982,-5.333454587994364
VHL18017,7.083136558106499
VHL19155,16.460996113471133
VHL19997,-8.532320219362266
VHL19660,6.9500688466517495
VHL19990,5.087260427878583
VHL13582,-1.4148097299818012
VHL15998,12.578220784600816
VHL13285,-21.085491379157595
VHL16586,-6.162662235309487
VHL15120,-0.7551032557867359
VHL14954,7.0094021005774145
VHL18066,-20.31032166391337
VHL13559,4.019745752126884
VHL14707,14.41009328720667
VHL12562,11.249982271833005
VHL15527,-9.535686182017194
VHL12878,4.16452774894789
VHL12507,1.1591786467006422
VHL14699,-17.498528100912598
VHL14730,13.729981811628086
VHL16614,1.6008648202468478
VHL13024,7.7643461605295485
VHL19915,8.249088500244827
VHL13101,-8.048082202476154
VHL13052,-3.97845281740668
VHL19820,35.90397116105303
VHL11562,1.1498989358684781
VHL16424,7.159586932876735
VHL10876,13.40491574777711
VHL12199,2.643466322224697
VHL17320,6.196722813719834
VHL13599,-17.452272138002286
VHL15761,-6.7710795464195925
VHL12114,-8.200450683374438
VHL14797,-7.955154681662684
VHL10360,20.182623510135556
VHL11344,19.526561583206764
VHL13709,-7.765621400676739
VHL19962,10.515946482902564
VHL11021,-9.844432273946172
VHL11988,2.301584959479314
VHL18459,-4.79396633331319
VHL12547,5.15391094682569
VHL17688,15.485087536940789
VHL10267,5.946678231315715
VHL17363,15.924935575752883
VHL19946,8.992290579802258
VHL17698,-3.0674408500745862
VHL10234,-26.635631535120357
VHL13897,19.855286594194013
VHL13543,-8.84750452658761
VHL11002,7.213488041468267
VHL19102,3.8969503360704536
VHL17633,39.950623390348966
VHL18124,2.606774957040532
VHL16120,-3.7912617073067594
VHL19186,8.118371487402722
VHL18664,16.844834103534346
VHL17083,35.90397116105303
VHL13077,8.149434873105648
VHL17267,1.242372750716676
VHL18565,16.832738470299688
VHL13814,3.8035663925837326
VHL18967,11.645827839260122
VHL13503,-1.8085389784267463
VHL13644,-13.14392411921505
VHL17079,-14.988447310860302
VHL15239,4.653617801347803
VHL17245,-14.936565139824324
VHL10153,39.460684759471164
VHL19693,4.809767376578147
VHL10773,-4.307738171814201
VHL11413,0.7841086620418949
VHL10223,1.9519625773437
VHL18530,-15.041956189521226
VHL12551,5.8012223854434595
VHL17602,-1.139185100038354
VHL13375,13.716311666985355
VHL13337,20.118086858862405
VHL18551,18.760932400272985
VHL17882,-4.3198758640332855
VHL17761,-1.4440381356358927
VHL12646,-7.112124047025553
VHL15219,5.4351489578665095
VHL14365,7.666274423623253
VHL16915,-4.513186361977578
VHL10906,-6.6327980267088975
VHL13513,-11.376621482216642
VHL14542,6.923805017853887
VHL14200,2.3768957776717414
VHL18013,11.653137407057486
VHL14772,3.1202669909260123
VHL13641,9.562145366364433
VHL15001,-8.514076147029861
VHL10409,-2.8655279581123523
VHL12698,3.519121362505061
VHL14128,-1.1951111964418537
VHL10621,-4.7543123169520065
VHL13729,9.934006753165349
VHL16191,17.505980634564104
VHL11188,6.230198923123499
VHL14810,15.434929324057187
VHL16357,-37.85355949904885
VHL18353,-1.5373443627719254
VHL15843,-6.1193221296107545
VHL10210,-8.047577879646983
VHL17457,0.7693360186027931
VHL11022,7.397860225030332
VHL16541,-5.85985639393234
VHL17647,-11.658300689843564
VHL11229,22.15016573749545
VHL17996,-8.394250359734187
VHL17089,-7.5974784157291495
VHL19543,10.10822487523717
VHL19715,15.774918900383355
VHL17944,5.735809490066714
VHL16820,15.035608541574511
VHL14857,14.852628244255925
VHL17512,-2.903831319449523
VHL16649,13.378553682875534
VHL14838,14.573323134742118
VHL14568,-3.2984585467197576
VHL17525,4.30194317308727
VHL16117,8.244790381918964
VHL13135,0.33292942264927206
VHL19812,-0.40688821893385096
VHL17027,2.9327629460661555
VHL14654,-2.9074040966344548
VHL12420,3.218082681844969
VHL10360,7.466979600074222
VHL13629,10.305979510926505
VHL16737,11.300969779780992
VHL15446,6.304552976715918
VHL10946,-6.8454830378212534
VHL13953,-22.746899508059045
VHL17303,18.03808420339557
VHL15447,-8.281798213093122
VHL12854,4.429388933732348
VHL12567,-2.4977609150289943
VHL19137,-4.619465653565641
VHL19411,1.3809927810581684
VHL10923,-9.986126795374112
VHL17236,1.070674902705342
VHL19462,21.019518294501637
VHL13097,-6.043525213562166
VHL19969,-3.913539196728312
VHL11860,-3.005827951750984
VHL18943,0.12543403826548882
VHL11672,10.08671042319596
VHL10815,1.3477680245531154
VHL16245,3.1544407765950204
VHL14969,14.899676338622534
VHL19652,-3.005827951750984
VHL11330,-0.8347780020796165
VHL19827,12.463861707126817
VHL10484,-8.502854860679559
VHL11394,-16.69403091769342
VHL18787,24.944977192087713
VHL11803,-2.9150800664003818
VHL12784,15.50342976895297
VHL17216,8.810212089968573
VHL10033,6.563531319371847
VHL11776,-24.53578958444662
VHL14947,5.036294586287454
VHL17522,-0.3763948834324715
VHL14197,-8.640150382358343
VHL13071,-7.5486932665656
VHL17406,-12.168850555568845
VHL12174,9.961980018155636
VHL12440,-9.787353530298583
VHL12462,1.5518608666037608
VHL12158,0.9491074034380098
VHL14899,-5.430901119070125
VHL11281,12.329584221453771
VHL10913,12.030366547936012
VHL19630,-3.497626773221402
VHL19709,-2.6875646822887944
VHL14819,4.886966433229155
VHL15381,-14.150288033362422
VHL14781,-11.744144272075069
VHL18728,5.036294586287454
VHL16520,-12.816549763251821
VHL10643,32.95391817241205
VHL19438,15.879793236938276
VHL14103,-16.218113472155203
VHL19088,7.6266525227393736
VHL15456,5.190595410850065
VHL16411,16.23149311772829
VHL19044,-13.902667454282007
VHL15194,16.464205340580072
VHL11490,1.8815071735145565
VHL13904,-1.440025535659661
VHL15148,12.78239806043559
VHL10918,5.1268506146196415
VHL19119,17.64702975331027
VHL10313,5.6397487680658855
VHL17176,25.625011301855153
VHL17166,-3.40179352969124
VHL11166,-9.975833629683216
VHL19144,8.122432341848146
VHL17259,28.049840264446324
VHL11965,16.409544174023857
VHL13791,-2.186662628069609
VHL12309,8.071907726995985
VHL18687,-15.18153242660005
VHL10199,11.065788739044407
VHL18562,3.935828484888134
VHL14042,9.304770656722198
VHL19017,2.252622237055686
VHL18805,-7.514096868632286
VHL18622,16.591347596832904
VHL14045,24.241016620969198
VHL17010,-3.643177812850052
VHL16993,-9.176359259904793
VHL16050,-2.777052613272687
VHL16363,-10.780463850219508
VHL10287,-13.023337648477316
VHL19873,14.416327267004647
VHL15450,2.301584959479314
VHL14789,1.6822123499655284
VHL14379,-13.13169596454026
VHL10911,-1.9750867801875707
VHL10449,13.40491574777711
VHL19705,12.616347238593129
VHL14766,8.901923250029498
VHL16203,10.747179039038876
VHL14855,-3.609284778848977
VHL14661,40.25952472977721
VHL19859,-25.243517950965032
VHL14028,-12.012403306103941
VHL14991,-15.131364783348758
VHL15291,-2.877938737951748
VHL16047,14.3484737985751
VHL12253,10.588420549349443
VHL10428,3.136098544582836
VHL15237,22.44813311996633
VHL16101,8.26826409493276
VHL16143,13.482984458223747
VHL10257,13.093097803569968
VHL16662,29.673994466387256
VHL19799,25.450517446843456
VHL14241,-0.3068197508804289
VHL17705,8.122432341848146
VHL17529,-12.808756068943524
VHL15191,-4.183852326137377
VHL17451,1.041212530346872
VHL17879,2.169667526362666
VHL19264,3.468465894765284
VHL19009,18.435745729834224
VHL10568,-2.9074040966344548
VHL19545,6.781218478657536
VHL16822,2.3768957776717414
VHL10957,18.535533727668813
VHL15607,-4.024156363320543
VHL12093,38.43056193079046
VHL19096,17.992421170536574
VHL18288,0.9698319805909534
VHL11310,0.639400483071384
VHL19333,6.078613454165641
VHL13823,17.927030844157777
VHL19965,-5.257284683442961
VHL16917,1.4408280668067164
VHL11177,-18.30395045290519
VHL16853,22.91754065802653
VHL18554,36.1002259676139
VHL18562,18.519603346869133
VHL10753,2.795974392536106
VHL16804,2.23254977498242
VHL18774,13.513554844910722
VHL15561,-0.20768129042065553
VHL12265,6.91610061072036
VHL10021,4.670645436503719
VHL18216,-2.9074040966344548
VHL18297,35.90397116105303
VHL15781,-6.824180125977268
VHL12134,3.4745799721026778
VHL12909,-2.4741288488392925
VHL19963,21.850797194941585
VHL16014,-5.846544085319589
VHL14675,1.4408280668067164
VHL19999,-13.748703906308624
VHL15433,-3.596563625158236
VHL12937,-1.1895814530643385
VHL11373,20.170770629934353
VHL17859,-4.200629753522765
VHL10314,10.002379804949449
VHL18773,16.360959644783357
VHL16942,-2.455786616827112
VHL18334,-6.652011964059593
VHL17910,-6.343361502602498
VHL18494,6.9938599725796635
VHL12860,-11.791030255994588
VHL10204,16.866947487919305
VHL19924,10.805722690716145
VHL13255,-4.2797356733920076
VHL12057,12.661608922005648
VHL19296,14.663091846796675
VHL10104,6.7265847727018695
VHL14185,6.884083069822985
VHL15914,-12.400601160429975
VHL11633,0.7058903483014376
VHL10331,-16.310374841141506
VHL15981,3.2623396608138364
VHL18376,3.3317607357179426
VHL14890,2.455738316701961
VHL14283,16.898544429883295
VHL15877,-17.89233475935894
VHL10019,3.447731809344944
VHL10439,-7.983335186286725
VHL18436,38.41978266724341
VHL11989,-1.3122142455342427
VHL19813,8.490479373711612
VHL15869,8.133797274937919
VHL13464,-3.40179352969124
VHL14974,4.810164187259538
VHL13446,-5.701734942523579
VHL11326,-4.4252867130206575
VHL12561,-9.417615762676164
VHL12421,4.019745752126884
VHL15061,3.723821181639501
VHL16174,5.427349036372757
VHL14500,15.718774003274042
VHL16937,11.184599089851133
VHL13576,15.737116235286223
VHL12458,-0.09637797042318041
VHL11965,1.7978868203600804
VHL11890,-7.276647261775892
VHL14930,-3.2171110170010806
VHL16445,6.948476074356655
VHL11308,17.25071205715978
VHL17652,9.864788660578995
VHL13004,18.562144544872687
VHL10262,11.300969779780992
VHL13111,-25.883567907143465
VHL13568,5.538723850037993
VHL12606,2.241893077233101
VHL15786,4.180877987091915
VHL11054,23.693350801414702
VHL15167,-9.520998204052553
VHL14716,35.31065915981773
VHL11763,-0.04895776004198282
VHL17885,9.372714029744763
VHL16048,11.308612366851591
VHL17032,-0.11923656737808841
VHL10344,7.2679104057405866
VHL13463,-1.796310823751952
VHL12903,-0.06177683521089605
VHL14551,22.17058001492302
VHL14763,3.273328731414498
VHL19270,3.5200034066134975
VHL12817,13.627984387036065
VHL18354,-1.4155692263100796
VHL12185,-8.299597342364883
VHL14983,13.161282156794655
VHL15530,1.3931619147802223
VHL15827,7.433469209107869
VHL14886,21.564435527248705
VHL17643,0.4257338943759983
VHL16987,5.735809490066714
VHL14294,14.852628244255925
VHL16175,20.686308113063774
VHL18639,-3.5174680000857954
VHL13640,-2.137614686082564
VHL17895,-12.403394439708553
VHL19307,-7.073622517073538
VHL19436,-21.651171968968868
VHL19809,14.288325609767298
VHL10638,-31.991277100618056
VHL13859,-10.200107504395376
VHL11640,-1.6038892630167787
VHL13661,-0.979148346598226
VHL15523,-4.675808719289801
VHL12838,9.439448186411724
VHL11312,8.415982537808834
VHL12699,9.24763237898243
VHL14640,-25.572291056119553
VHL17666,7.825649242864479
VHL14903,13.068650609962539
VHL13835,5.96840663444582
VHL15635,22.603328292991364
VHL19827,19.824755429169294
VHL14808,5.675316880272764
VHL16208,-2.9074040966344548
VHL18605,-4.657005565527005
VHL19751,10.86576526082169
VHL17664,15.634274251330694
VHL12588,7.7539548351588685
VHL17702,15.572134383280279
VHL10842,0.5233458848126133
VHL19609,20.5137632925927
VHL12767,-11.5323470228909
VHL13680,9.684032150200103
VHL13507,-6.465994609697951
VHL16160,14.538010196034342
VHL13555,-30.216717528754657
VHL18088,3.0053952576363834
VHL16428,0.8334231880502116
VHL11278,-26.482946206174418
VHL17567,3.8715089011771973
VHL16715,0.383192696372447
VHL15486,-7.294223407151822
VHL10286,7.053403829623228
VHL13344,-6.046225308641539
VHL17544,1.0157779201894748
VHL12579,12.248053707221693
VHL19966,-0.22602352243283974
VHL12989,-14.695801559644963
VHL18968,13.718246655969246
VHL16423,7.886672957611282
VHL15852,22.36229391997172
VHL16298,10.54394677325368
VHL13399,-17.194467196771352
VHL11381,27.979803574381293
VHL18329,31.547223520386936
VHL13335,-5.489971740474207
VHL11885,3.025444839859876
VHL19284,8.927378968681083
VHL12612,9.959581263587687
VHL15522,9.692601910565784
VHL16059,7.8761363729717
VHL10388,16.591347596832904
VHL10025,12.927595690461402
VHL14629,-4.222299135700133
VHL10790,-10.590927452760265
VHL17966,14.02599972661659
VHL12843,9.855621078559388
VHL11996,-10.780463850219508
VHL15688,-0.8213372690408107
VHL13110,5.314684477046242
VHL19865,18.850277392396997
VHL13379,-8.710513578755338
VHL18639,4.058132674759953
VHL16928,10.105714787920938
VHL11725,32.07158528027517
VHL11355,2.963418003263108
VHL17560,7.903386196027746
VHL11885,2.9198149878790858
VHL12995,18.109102509255614
VHL11751,-6.403431533308591
VHL14633,19.472443519390964
VHL16853,-3.999108584423407
VHL14501,9.584771747569704
VHL13938,5.911773902563009
VHL12329,-15.523745508416823
VHL10067,4.608206121387415
VHL19818,1.923347177444974
VHL12785,-3.5321450130530074
VHL13874,-1.6038892630167787
VHL18142,17.488161978641728
VHL14855,9.659575840850522
VHL12147,22.31651915302995
VHL15256,19.098576169589116
VHL13751,15.578850744612751
VHL17863,-3.40179352969124
VHL13981,7.664065240102943
VHL18916,-6.682568066988235
VHL19492,6.2984388993785245
VHL16004,31.501709623420417
VHL15913,-26.53847754617697
VHL16871,12.435246307228091
VHL11388,-3.2984585467197576
VHL15019,-17.634948134864352
VHL11934,-17.11890565493141
VHL19784,-5.154696896219495
VHL12593,3.853166669165013
VHL15836,16.84627432067095
VHL17034,-6.640062580898277
VHL14607,8.379314052474438
VHL17105,10.075144401233963
VHL18773,0.4701533043957795
VHL12684,24.388374907406273
VHL17154,0.2943392030729015
VHL10849,2.252622237055686
VHL12067,3.4450016121191744
VHL14247,-0.7563443112060781
VHL18581,1.5619110807473255
VHL18516,3.8898491236321924
VHL17684,-12.896405199278089
VHL17215,-11.340252482160107
VHL15232,13.953001219650794
VHL19310,12.248053707221693
VHL12120,5.069153775100197
VHL15455,20.48487938582445
VHL10132,-2.2113491436116455
VHL12356,20.527342102291506
VHL16995,18.129516315529443
VHL15752,14.275246623820301
VHL12151,6.334375190887833
VHL11902,39.012798065246244
VHL17808,-6.623392897884003
VHL17592,-10.469632102558151
VHL16636,11.952727196589834
VHL11497,6.886127969263363
VHL17774,16.023745272779657
VHL15919,-8.763557827403094
VHL15172,-16.045288027141652
VHL11820,-12.11540759902045
VHL13093,18.892471601994536
VHL17445,13.05267765584928
VHL18989,-19.19389926106512
VHL10713,-12.172837030527369
VHL14240,-13.160567835308974
VHL13501,-5.045614237879182
VHL18215,17.235927973795796
VHL14878,27.46766996916785
VHL19143,-7.237020940443147
VHL10173,17.50710649464898
VHL16962,8.810212089968573
VHL15384,-3.3502568036223153
VHL13844,5.4496794802608015
VHL11998,-6.746010503954501
VHL10444,-6.646721770533283
VHL19655,9.372714029744763
VHL18921,3.659472053644844
VHL11774,16.489649862543907
VHL15490,-24.40060886899688
VHL18694,12.111172513317712
VHL10360,2.3339697667743664
VHL18707,4.051156248325768
VHL15801,1.207842794546604
VHL17931,20.1103684825961
VHL16716,18.844754473755344
VHL11290,-4.8356598466706835
VHL18180,0.6034269500542813
VHL19935,-5.263630073888926
VHL16593,1.0794588867997774
VHL17349,-16.22654006574439
VHL18705,4.625847518675258
VHL18527,2.5676562331076127
VHL18577,-3.1830087249998265
VHL15369,12.987006233774274
VHL16140,6.320832750208599
VHL11458,-6.606104519149504
VHL13652,-7.639178519394616
VHL13470,17.737494446698527
VHL17609,10.679527377646146
VHL16953,-21.491453048402565
VHL19670,22.506457457798355
VHL16517,-12.939196839480061
VHL12631,12.708572267962587
VHL14338,-27.963669594778317
VHL13224,-6.112158179898081
VHL19157,2.6120382031057225
VHL10266,-15.361752735398312
VHL11597,10.610325540163345
VHL16219,19.5160248000533
VHL12828,1.0191943575294289
VHL10364,1.6947665845417852
VHL11875,29.75985375466889
VHL10185,-6.19191108429267
VHL12097,10.529491879753195
VHL17691,-24.82326010074426
VHL15092,-9.35109271326466
VHL11628,15.45657124563401
VHL13662,-6.531848027686465
VHL11486,-3.4195926589630012
VHL18373,8.037439590888852
VHL16605,26.0529967154728
VHL14670,15.885907314275677
VHL19579,-13.013572635853283
VHL15504,-6.4975414479374685
VHL18831,-10.021761387023208
VHL19404,-1.3921902499363306
VHL11218,5.4496794802608015
VHL13869,37.97540200838503
VHL19846,8.137170583839172
VHL11677,3.85160292748121
VHL17416,-12.808409361986605
VHL13175,-5.379053233370559
VHL17965,9.498681665830219
VHL19048,1.4531836910171236
VHL18117,-8.804288226352183
VHL16742,14.697307454724267
VHL10339,2.252622237055686
VHL14079,1.3606789095934175
VHL17034,3.7581272520227884
VHL15903,-6.453766455023164
VHL14643,12.572099806103623
VHL19176,3.925213617758949
VHL16293,6.787332555994929
VHL16573,-4.084121333187053
VHL10615,-3.407082184814101
VHL10834,11.78348889041925
VHL13200,7.4059593950760885
VHL18949,17.532311175027502
VHL14402,-11.867425785987656
VHL16439,3.225655196789461
VHL14135,14.722276760894154
VHL10015,-23.44767460440662
VHL10388,-10.156581462297247
VHL17226,10.689434143564121
VHL16884,33.731756649285224
VHL18216,-3.083861508146704
VHL19751,-0.49696048010390115
VHL11071,2.2954708821419203
VHL16489,14.986695922875356
VHL12578,17.637457978010744
VHL10582,15.685968709383545
VHL19617,28.00915559075853
VHL14437,14.414265789025919
VHL11749,-3.8346104193819386
VHL18131,13.311396195779679
VHL16700,9.869811993670446
VHL14166,16.360959644783357
VHL19100,-7.679683367028009
VHL11100,8.877466940679916
VHL17954,19.139960416011377
VHL15065,12.493109799733446
VHL14908,20.44785909690537
VHL11925,13.394200557087316
VHL12725,38.01013948563794
VHL17558,-2.1968204704726197
VHL12989,8.283304108172423
VHL11734,16.08953694860493
VHL15324,10.821061836396154
VHL19720,2.481709326953869
VHL17274,-28.34263223222946
VHL10206,10.829229136625507
VHL18355,7.214070327658984
VHL16634,-2.7151457532624867
VHL15037,-6.614215885496709
VHL19446,10.6316159013926
VHL11255,-0.14501848204280776
VHL18968,9.461364302524949
VHL17262,-3.079055126505782
VHL19635,9.304770656722198
VHL13636,-2.1289604155088213
VHL14827,15.36434621626455
VHL13630,6.3160329588756525
VHL18929,-2.5114385186941988
VHL18493,24.64990629670598
VHL11970,14.500355556139851
VHL18557,-4.1025549001431685
VHL16603,13.549104538133221
VHL10144,-3.043819553609147
VHL19283,-11.583242961467086
VHL14957,4.030816727303776
VHL14521,-22.933877724034772
VHL14631,4.1748140134789935
VHL10741,0.4705501150771738
VHL18773,-2.497030962984425
VHL15546,2.3490300248292257
VHL18796,7.574809763070299
VHL16777,8.391542207149229
VHL12667,-14.193084565166998
VHL11806,7.09439485153672
VHL16241,-23.941114731885868
VHL11602,12.036480625273406
VHL10361,0.902668023072529
VHL11563,-6.552216583626468
VHL18781,4.920224480492443
VHL11605,-17.108633321321122
VHL17566,-1.8452213167822578
VHL14925,7.0094021005774145
VHL17378,20.162848160660438
VHL13933,-2.7425343734410816
VHL15621,9.372714029744763
VHL11212,10.36124528566053
VHL17047,-14.013932668342576
VHL18495,5.253902408416778
VHL11789,21.25356665041749
VHL18812,-20.41647276780123
VHL12003,7.405562584394701
VHL17763,4.311229470453682
VHL10234,-8.722741733430125
VHL11820,14.392117457163046
VHL15612,2.025431514327501
VHL16969,2.5000515589660566
VHL15883,25.133461509100606
VHL16910,8.547110368677089
VHL15537,26.572554937553555
VHL19483,3.659472053644844
VHL19061,37.728891928117775
VHL10122,40.07104041276432
VHL18413,-6.003474105070495
VHL19153,1.500012980904195
VHL16118,1.8653624851081538
VHL11390,5.087260427878583
VHL15701,-18.088001886819896
VHL12322,24.975547578774687
VHL18493,20.26066649689897
VHL18230,1.5830656909750864
VHL10567,-7.465796278921442
VHL16862,-2.2089002853192206
VHL12040,13.024178843423961
VHL13506,8.283304108172423
VHL13379,13.59610855744694
VHL16540,0.06937336614141643
VHL14882,-1.6344596497037536
VHL16979,1.0382486274649807
VHL17108,-1.4041464922717495
VHL19862,-4.5814553475002775
VHL19541,-12.450478903094734
VHL16650,3.5031100657290466
VHL18976,15.547678073930697
VHL15984,5.15391094682569
VHL13017,8.021481829686287
VHL12807,10.413928742106918
VHL16571,-3.94836781041127
VHL18496,-4.936026384221471
VHL19085,-6.0676350144687135
VHL15655,13.975993796251622
VHL10274,7.858371884611429
VHL17927,15.463100956176213
VHL14169,-4.053550946500078
VHL10088,14.21777106949132
VHL19133,-13.337955696698891
VHL10124,-16.00232717681891
VHL17800,34.73241210972604
VHL12549,-2.277874042278423
VHL10900,-5.970747444209163
VHL16654,-15.72393728606012
VHL15178,4.234089704657716
VHL10370,15.829945596419911
VHL19083,-7.272465602228799
VHL10667,37.606195582441316
VHL11177,-9.239595481968333
VHL19621,2.4863087033889357
VHL19834,3.0134081893659825
VHL18831,-19.994122716263355
VHL16058,9.218054576861604
VHL15327,2.3524307943310276
VHL10566,-4.775103407256616
VHL15911,3.467508648726529
VHL18703,1.478126409074683
VHL19494,0.2927280029841839
VHL16292,24.752040897614897
VHL12417,4.262225516810595
VHL16694,10.747179039038876
VHL16876,14.663091846796675
VHL10394,-11.405204766638061
VHL18192,-17.5868731743689
VHL18989,-8.521370245502954
VHL15531,-0.48742768322951235
VHL19945,5.3885672744035205
VHL15352,7.239372929515682
VHL10470,1.3161976707014524
VHL12910,25.860543713234655
VHL19260,10.485989974459187
VHL18747,16.85525979066538
VHL10865,13.811863571582172
VHL10512,20.176884707271746
VHL19176,-12.4245510594935
VHL18494,-6.263519990985763
VHL14953,-3.848085040729387
VHL18146,9.52922435748875
VHL10753,7.384049307634427
VHL13266,14.224371244684875
VHL18142,15.485087536940789
VHL12499,-3.2984585467197576
VHL11132,2.7249689871047025
VHL16161,-28.864038165676533
VHL16332,-0.27689002906324944
VHL11947,37.03753344250567
VHL15516,6.167959946481144
VHL15620,38.641296179254105
VHL11334,6.360550406485267
VHL14676,-0.5779129360585316
VHL18063,-19.230095579464177
VHL11305,12.998837577767674
VHL17190,-20.533266549958384
VHL19509,2.36244238436273
VHL13065,-7.725396305097597
VHL16948,-4.609658896582722
VHL18753,-7.418341783203832
VHL13306,-17.651255408645312
VHL11296,-17.570493388167435
VHL14799,17.73985911444396
VHL16629,34.88217392244828
VHL12469,-7.769509443315627
VHL14725,-10.074775218899022
VHL15360,-21.276348727055225
VHL12472,-19.087073046136137
VHL17694,-1.8085389784267463
VHL19367,-9.877515393268943
VHL13921,10.747179039038876
VHL18424,-13.160567835308974
VHL13215,7.00985896500168
VHL19720,4.139578440582358
VHL19474,-1.4155692263100796
VHL14718,-6.287601898349987
VHL13614,7.0094021005774145
VHL15761,-29.86074292913926
VHL15481,-10.938826666296514
VHL10583,-14.843979632879048
VHL10999,1.601694781226474
VHL11387,-15.873673093650048
VHL17201,7.355604786408993
VHL11541,22.286143152569288
VHL11491,2.025431514327501
VHL13571,-18.695004902990497
VHL17798,12.217067687329902
VHL11615,-22.410525245567257
VHL17412,5.6723501717693985
VHL17680,34.2202785045126
VHL13091,22.308002340222195
VHL13434,-9.936721177659003
VHL15052,3.5291205702830766
VHL11742,1.6596910295998413
VHL11925,2.3829737204174535
VHL12016,9.04987545732233
VHL17513,-12.142266643840394
VHL10564,-24.85939286593677
VHL14087,-28.169747529537325
VHL18246,11.793341533498378
VHL10468,17.810606031389057
VHL18823,-2.9074040966344548
VHL10264,15.659513299980837
VHL15285,8.516243378757665
VHL16403,34.85659941202594
VHL14260,21.622099780137106
VHL16390,-10.456796457660134
VHL14383,-7.32002354678956
VHL12924,4.820443383817651
VHL16793,-18.904581766931084
VHL19286,-7.396354329951031
VHL11692,27.9736894970439
VHL19565,-9.076085164214046
VHL12271,3.201409252356175
VHL16387,-4.887945774271092
VHL10067,-16.16647224310937
VHL11055,22.711163867240764
VHL16282,-0.8395794921179345
VHL10373,-2.435057346585431
VHL13130,6.463286457112996
VHL14791,-0.8518076467927287
VHL17669,39.94685311046442
VHL10245,3.610468100001757
VHL13394,-6.499666440910776
VHL13369,7.466979600074222
VHL12230,14.55025263446747
VHL15024,-23.347570514900934
VHL15401,10.982070348300091
VHL17830,4.311229470453682
VHL16594,-9.895871909039464
VHL13400,8.336099877907863
VHL13413,-4.663121850935468
VHL11338,11.926463367791982
VHL12928,9.216755958695323
VHL14141,18.126951742251848
VHL13196,34.208654681602034
VHL17193,8.563706548466406
VHL13848,9.998207617755746
VHL15690,7.083136558106499
VHL14292,6.357496343940387
VHL10249,32.568865594427635
VHL16684,-10.435633251340938
VHL13663,-10.664935870397871
VHL16780,16.591347596832904
VHL15195,11.85269072790205
VHL19709,-21.05097869684382
VHL16300,5.192051369950789
VHL18402,-3.95997526210661
VHL10408,18.91029996469819
VHL17856,8.007704217086015
VHL12909,14.41009328720667
VHL17579,15.987152143699205
VHL14360,1.1920112408897836
VHL16170,15.132336448192653
VHL11625,9.6440479966111
VHL10141,-9.753305447845126
VHL13372,-31.232512895258516
VHL10702,10.559605402015904
VHL10168,4.791425144565963
VHL17506,13.027707477191178
VHL19811,9.988779567095392
VHL18898,-19.263721127553026
VHL14976,7.206614467802591
VHL19528,12.72625316332627
VHL14747,-11.904089379719448
VHL12298,0.975946057928347
VHL12897,37.98568317628836
VHL14501,-9.10156802884064
VHL19230,17.216088513251457
VHL17122,-1.139185100038354
VHL13093,1.901221803331559
VHL13713,-3.2959896906229815
VHL10827,3.5967628013081168
VHL14671,-1.6038892630167787
VHL19953,-19.001911957544294
VHL14674,14.072968202377737
VHL19651,5.8544237700004835
VHL14860,21.44114313127391
VHL15452,6.091334607856382
VHL11031,-6.496085966501759
VHL16763,2.8773631534742385
VHL13764,17.3023151802687
VHL12562,1.9826329729657317
VHL11827,-18.944070873734972
VHL13929,14.921428174429565
VHL10039,19.855286594194013
VHL15009,18.567165310544283
VHL13821,6.660752225005943
VHL14348,-11.458375810847087
VHL16840,9.232366502099495
VHL12002,2.7187911095499118
VHL10237,-14.50721502562594
VHL18738,-7.619900707700548
VHL10568,9.528587439093478
VHL19355,-11.702486777197594
VHL16226,12.659638778970844
VHL16719,-7.491440696132452
VHL14548,-5.3606196664144505
VHL16912,19.88025677285212
VHL19505,18.142270017639262
VHL16442,-16.542709779962514
VHL16825,-3.0167641130056992
VHL12658,19.63434984906816
VHL12481,16.898544429883295
VHL18658,16.51244892540665
VHL15493,-8.645420214957781
VHL12577,26.128676150216144
VHL13844,0.6118624161484867
VHL12544,-8.201335799983053
VHL14450,6.963622843367535
VHL16818,-2.498450309828449
VHL18694,2.9007144348195517
VHL13597,36.63215069596726
VHL15898,1.4672108034869993
VHL18680,-2.9413477922226825
VHL12465,16.38985479673633
VHL12148,-12.216302596204525
VHL19876,-2.8850322230130736
VHL19612,9.534270337477857
VHL18169,23.59563062485597
VHL13267,-0.3352831328412549
VHL14640,-4.7313835699713
VHL15593,10.91886154862513
VHL16387,22.713494128502596
VHL13148,8.801699258063223
VHL11142,-6.6780728869636405
VHL18659,-5.751884481416042
VHL13899,0.4057140167381341
VHL18985,2.2464326469361495
VHL17250,-3.16610776479099
VHL17539,-0.8487968632364584
VHL18609,0.3358805942136698
VHL11948,-9.859187445015092
VHL11525,0.16432973357932212
VHL12806,10.162280837540926
VHL19564,15.281127527182093
VHL19054,9.683426945947637
VHL18679,-4.1187537496003905
VHL19665,2.222936966977322
VHL12463,-4.500958207302787
VHL10753,-16.031950543899118
VHL11312,6.754813211191276
VHL12620,-11.505241235325848
VHL17592,-15.217207493092033
VHL11746,-1.6038892630167787
VHL14332,-16.959848309215214
VHL19959,-2.845869356412564
VHL16741,-4.995696600110811
VHL10763,2.365174591145692
VHL17541,-0.612509333991845
VHL11701,22.08678647074536
VHL10194,-1.5445634681135836
VHL13479,14.710653810471818
VHL15975,-7.023248145029971
VHL10231,0.8141408375910508
VHL18446,-9.322141223890483
VHL19365,23.139023859091964
VHL12815,-0.7159965215822623
VHL17210,7.767400223074432
VHL14273,-7.657027752390851
VHL16001,-0.21309797294179944
VHL17232,18.885097332088826
VHL17877,-6.585263523634307
VHL13772,1.4705634406095491
VHL14502,-5.86216866694701
VHL12140,-0.6170779725181461
VHL12267,14.420872550753721
VHL18736,13.769608132960833
VHL17988,14.505953991337378
VHL11233,-36.76500526213935
VHL18205,-3.3025952285728764
VHL17229,-0.5778923766177684
VHL12503,6.995207364865863
VHL16555,15.954255476652818
VHL11608,-0.3763948834324715
VHL13099,18.885097332088826
VHL10464,1.207842794546604
VHL13660,-6.030810650179397
VHL15246,6.787332555994929
VHL18351,4.392577000172363
VHL14567,1.2973994467532322
VHL18076,-14.93937952759709
VHL15135,-6.897574466857403
VHL14661,18.514982235712374
VHL13468,10.964711270486362
VHL18899,2.1176487700489304
VHL10051,-11.61849226025937
VHL12127,-7.418341783203832
VHL12196,-3.554223239613332
VHL17014,4.305151527707977
VHL11559,-26.626432152249
VHL10059,20.800780506464115
VHL15739,-1.221951976601055
VHL14808,-10.227853092401112
VHL15611,7.658964855825889
VHL14636,38.33126897974098
VHL11570,-6.981948598520415
VHL16463,3.5374635945172486
VHL16394,10.445840911312885
VHL13693,3.940692076438488
VHL12291,-2.6503663489558917
VHL15561,-11.806399465609012
VHL19493,27.055603181799448
VHL12756,7.767400223074432
VHL10950,-2.136302409635313
VHL16866,-12.40710984037769
VHL12609,15.531133654585524
VHL12574,-3.8021342771429616
VHL17135,-14.301636118554452
VHL13752,10.868214119114114
VHL13546,9.924345690691055
VHL11097,-0.09637797042318041
VHL18181,-1.6038892630167787
VHL10940,2.1055168037087064
VHL16905,0.8197619159124976
VHL19185,4.344741714449036
VHL10923,10.829229136625507
VHL18309,-9.427945062958745
VHL19349,-1.0296524020096314
VHL13590,-1.473537779655011
VHL20000,-10.219171126798933
VHL12384,6.805277977325726
VHL13167,10.816229929585887
VHL18928,-6.362659626726469
VHL11333,-10.892381766625164
VHL18531,-28.064810815056788
VHL19725,-18.80810489858601
VHL13535,8.723665143804823
VHL15299,19.49223464253089
VHL19132,21.61904659008045
VHL19736,22.43088419961994
VHL11914,8.801192289914486
VHL14981,15.229499552878181
VHL11507,-17.456521691007133
VHL18768,-2.7800633968289574
VHL13208,-0.7629541534931761
VHL17200,11.827645545827508
VHL19398,11.563375281537176
VHL10666,20.176884707271746
VHL12919,17.341266075934776
VHL17972,8.62438719467827
VHL10315,7.223977093576959
VHL13868,-7.380954153761106
VHL16268,13.378553682875534
VHL15979,4.677119955502931
VHL14334,-2.2964532273192226
VHL19984,1.0958335431970205
VHL15905,12.275838273652568
VHL14849,-2.9074040966344548
VHL10077,-10.762121618207324
VHL12763,16.957750214273354
VHL13814,-9.437231360325157
VHL18236,1.0794588867997774
VHL18380,-6.403185033800614
VHL11075,-7.3150068002323465
VHL10482,13.394200557087316
VHL10117,2.01512051691763
VHL13673,-15.254995212289337
VHL17221,25.75093806984367
VHL11240,3.677202256668714
VHL12562,-8.323097759602678
VHL13799,11.021086922841569
VHL13466,23.932735711880547
VHL14698,-3.1489987447095515
VHL15372,-3.2122230071974975
VHL13032,-4.60806745987048
VHL13600,-2.0181683974000073
VHL17335,0.03350565034045161
VHL15519,2.7237869858145416
VHL19609,-11.36548711036139
VHL12581,5.225871342477927
VHL18738,-7.899860926677395
VHL15107,-14.5685289518111
VHL16177,12.572099806103623
VHL11709,2.85550316975705
VHL14469,-2.2531978215331954
VHL13687,8.245245236786037
VHL16412,13.418761927276478
VHL14864,33.82897755491932
VHL15725,15.659513299980837
VHL17141,-0.5248037119124405
VHL10991,6.340852627846463
VHL10678,-17.732898992543007
VHL13889,3.4166684236420153
VHL17084,13.899416513582175
VHL15443,-10.259057916772438
VHL10783,-4.772417756237488
VHL19744,-7.167198201467009
VHL18331,8.130599642077513
VHL16307,-5.762198037436537
VHL18003,-0.29338655926630963
VHL10838,10.529491879753195
VHL13320,38.701384872181706
VHL19953,-16.084655851178862
VHL19152,-11.044382868787832
VHL15913,38.01013948563794
VHL15341,-0.010634711752288695
VHL14269,-4.513186361977578
VHL10263,20.0705257676755
VHL10559,-3.868784796090072
VHL17221,3.5291205702830766
VHL12379,21.265190473328055
VHL18253,-19.05659399439309
VHL11172,0.06857464815087155
VHL17213,36.13691043163827
VHL18445,14.432703894747121
VHL10808,15.658237561664322
VHL13851,8.513089981252062
VHL18936,-7.8341579801642105
VHL17750,-11.517072579319247
VHL14279,4.995549267817658
VHL17407,-13.101371204873036
VHL17737,13.790518253237813
VHL11196,-1.7875428183474966
VHL10773,-3.9596374276547053
VHL12028,21.486647912498285
VHL19833,-15.248881134951942
VHL13566,-2.6094831096254865
VHL18282,-10.327775627744309
VHL11015,-19.42757598240513
VHL16696,12.644704582947327
VHL13980,-19.05659399439309
VHL18337,15.556240137072301
VHL11330,8.62083085707338
VHL14873,6.431379141297661
VHL15435,-6.1193221296107545
VHL13861,16.073150890494773
VHL12073,1.160806416518458
VHL15320,7.840769151123176
VHL17850,1.3503428139777043
VHL16757,5.142652653395473
VHL15181,-22.140684555733387
VHL14613,-9.742563111180324
VHL17238,-12.674022238496924
VHL12083,5.2730041367572404
VHL16344,5.727997454673737
VHL19413,4.3859714622224715
VHL17430,2.9929462889248626
VHL14996,7.267065846377086
VHL13423,-19.538649654072827
VHL13162,25.12123335442582
VHL14672,-2.4363261837421604
VHL12020,1.5346093788375121
VHL16103,-1.8341340482898438
VHL10650,2.3829737204174535
VHL15234,2.322709191147105
VHL11305,11.78348889041925
VHL18180,10.169637560950491
VHL17458,-18.928691369323744
VHL15835,1.8394895604100583
VHL17211,-5.926150255904133
VHL17209,-2.2694290297048525
VHL18693,-1.473537779655011
VHL18975,9.304770656722198
VHL18976,3.5879467796360736
VHL15391,-1.2661368849004262
VHL13071,31.57779390707391
VHL19241,9.93561795325406
VHL14944,5.3885672744035205
VHL19128,15.547678073930697
VHL18577,-20.905366739043185
VHL15429,-10.342599131284434
VHL12217,10.506990557191862
VHL15705,15.829945596419911
VHL19888,-0.7882681188508229
VHL11906,10.553596070892539
VHL15757,18.32629666952534
VHL11938,13.808860485249994
VHL10969,-11.402057359592064
VHL11777,38.191697281427246
VHL16275,8.84545164376761
VHL14235,-4.3016240944768
VHL10496,30.37659949087915
VHL18481,-1.6117335704152502
VHL17185,-5.720223350483131
VHL15960,0.5557335741530807
VHL11313,12.937395385982612
VHL11288,12.708572267962587
VHL12337,15.157481279853457
VHL14268,-16.542709779962514
VHL10015,18.541647805006207
VHL16136,3.7393882093292135
VHL17903,22.70126597382781
VHL14018,9.259036373432558
VHL17473,12.420218048538871
VHL11480,11.513344461765257
VHL13881,4.752163676534661
